<?xml version="1.0" encoding="utf-8"?>
<ModMetaData>
    <name>[XND] Adrenaline!</name>
    <author>XeoNovaDan</author>
    <url>https://ludeon.com/forums/index.php?topic=29503.0</url>
    <description>Current version: v1.1.2.0 (6th September 2019)\n\nAdds a new adrenaline mechanic which affects all biological creatures, as well as adrenaline junkies who thrive from the rush of adrenaline through their bodies.</description>
    <supportedVersions>
        <li>1.0</li>
    </supportedVersions>
</ModMetaData>